{
 "id": "GO-P-2026-041",
 "domain": "20NG sci.space vs rec.autos (fresh)",
 "oracle_free": true,
 "n_test": 790,
 "auroc": {
  "O": 0.9102477823924524,
  "R": 0.974555196636415,
  "A": 0.5975522996462082
 },
 "recon": {
  "O": 0.5275468915512012,
  "R": 0.5262922621494593
 },
 "auroc_gap": 0.06430741424396258,
 "delta_pred": 0.12232521553959697,
 "checks": {
  "R>O downstream": true,
  "recon-trade O<R": false,
  "anti worst": true,
  "magnitude in [0.015,0.045]": false
 },
 "verdict": "NOT CONFIRMED"
}