{
  "claim": "GO-2 kv-keys v6",
  "prereg": "GO-P-2026-006",
  "n_seeds": 12,
  "arms": [
    "a_demean_perchan_asym4",
    "b_wholevec_pertoken_uniform4",
    "c_polarquant",
    "d_perchan_uniform4"
  ],
  "r_sub": 8,
  "effective_bits": {
    "a_demean_perchan_asym4": 4.0625,
    "b_wholevec_pertoken_uniform4": 4.25,
    "c_polarquant": 4.125,
    "d_perchan_uniform4": 4.0625
  },
  "eff_bits_spread": 0.1875,
  "median_recon": {
    "a_demean_perchan_asym4": 0.09378517791628838,
    "b_wholevec_pertoken_uniform4": 0.09336287155747414,
    "c_polarquant": 0.4432823657989502,
    "d_perchan_uniform4": 0.11383458599448204
  },
  "consumers": {
    "iso": {
      "median_kl": {
        "a_demean_perchan_asym4": 0.045979313493233004,
        "b_wholevec_pertoken_uniform4": 0.11598755858498574,
        "c_polarquant": 0.9820822571225476,
        "d_perchan_uniform4": 0.06472733872043328
      },
      "median_proj_var": {
        "a_demean_perchan_asym4": 0.050396087962993094,
        "b_wholevec_pertoken_uniform4": 0.05454315896694757,
        "c_polarquant": 0.8784629900991827,
        "d_perchan_uniform4": 0.07273934716735883
      },
      "c_gap": 21.359219668799216,
      "median_adv_kl_logbovera": 0.9330818359715967,
      "median_adv_projvar_logbovera": 0.08900457346741714,
      "kl_a_lt_b_seeds": 12,
      "proj_tracks_flip_seeds": 12,
      "median_spearman_projvar_kl": 0.8,
      "median_spearman_recon_kl": 0.4,
      "median_max_softmax_prob": 0.14389271764242,
      "noise_floor_kl": 3.358882472217439e-07
    },
    "sub": {
      "median_kl": {
        "a_demean_perchan_asym4": 0.03407513932989703,
        "b_wholevec_pertoken_uniform4": 0.021576880587566728,
        "c_polarquant": 0.2159938914981361,
        "d_perchan_uniform4": 0.03886130295658497
      },
      "median_proj_var": {
        "a_demean_perchan_asym4": 0.06002568691624949,
        "b_wholevec_pertoken_uniform4": 0.014564791902272847,
        "c_polarquant": 0.2766140064826119,
        "d_perchan_uniform4": 0.08616127794388344
      },
      "c_gap": 6.338752995461011,
      "median_adv_kl_logbovera": -0.44418018850783725,
      "median_adv_projvar_logbovera": -1.4306239506072573,
      "kl_a_lt_b_seeds": 0,
      "proj_tracks_flip_seeds": 12,
      "median_spearman_projvar_kl": 1.0,
      "median_spearman_recon_kl": 1.0,
      "median_max_softmax_prob": 0.7049492253754974,
      "noise_floor_kl": 2.265765571179886e-07
    }
  },
  "diagnostics": {
    "anti_probe_gap": {
      "iso": 21.359219668799216,
      "sub": 6.338752995461011,
      "both_ge_5": true
    },
    "full_rank_spearman_projvar": {
      "iso": 0.8,
      "sub": 1.0
    },
    "full_rank_spearman_recon": {
      "iso": 0.4,
      "sub": 1.0
    }
  },
  "min_spearman_projvar": 0.8,
  "min_spearman_recon": 0.4,
  "verdict": {
    "audit_pass": true,
    "nondegeneracy": true,
    "flip_decisive": true,
    "proj_tracks_flip": true,
    "recon_fails": true
  },
  "GO2_positive_supported": true
}
