{
  "claim": "GO-5 alpha=1 quotient (ADC/PQ, non-spectral)",
  "prereg": "GO-P-2026-018",
  "alphas": [
    0.0,
    0.5,
    1.0,
    1.5
  ],
  "n_seeds": 3,
  "per_seed": {
    "0": {
      "recall": {
        "0.0": 0.34080000000000005,
        "0.5": 0.3145,
        "1.0": 0.2694,
        "1.5": 0.1932
      },
      "hub_skew": {
        "0.0": 2.446495870813679,
        "0.5": 2.668279674304268,
        "1.0": 3.5952909707487657,
        "1.5": 11.555552883001528
      },
      "gain_1_minus_0": -0.07140000000000007,
      "alpha1_optimal": false
    },
    "1": {
      "recall": {
        "0.0": 0.3389,
        "0.5": 0.3171,
        "1.0": 0.2721,
        "1.5": 0.2074
      },
      "hub_skew": {
        "0.0": 2.8651783970344025,
        "0.5": 2.9414204768039265,
        "1.0": 3.874623257546481,
        "1.5": 8.781031393825543
      },
      "gain_1_minus_0": -0.06679999999999997,
      "alpha1_optimal": false
    },
    "2": {
      "recall": {
        "0.0": 0.3474,
        "0.5": 0.326,
        "1.0": 0.2742,
        "1.5": 0.19610000000000002
      },
      "hub_skew": {
        "0.0": 2.3407293146563406,
        "0.5": 2.532998508210586,
        "1.0": 3.9290007768950312,
        "1.5": 12.581548507569575
      },
      "gain_1_minus_0": -0.07319999999999999,
      "alpha1_optimal": false
    }
  },
  "median_gain": -0.07140000000000007,
  "verdict": {
    "baseline_hubness": true,
    "restoration": false,
    "alpha1_optimal": false,
    "hubness_reduced": false
  },
  "GO5_supported": false
}
