{
  "claim": "GO-5 alpha=1 density quotient (non-spectral, global scale)",
  "prereg": "GO-P-2026-017",
  "alphas": [
    0.0,
    0.5,
    1.0,
    1.5
  ],
  "n_seeds": 3,
  "per_seed": {
    "0": {
      "recall": {
        "0.0": 0.8392000000000003,
        "0.5": 0.6613,
        "1.0": 0.4077,
        "1.5": 0.24969999999999998
      },
      "hub_skew": {
        "0.0": 0.6922067174389568,
        "0.5": 0.05491926089502497,
        "1.0": 1.041888744875877,
        "1.5": 3.215238881627536
      },
      "gain_1_minus_0": -0.43150000000000027,
      "alpha1_optimal": false
    },
    "1": {
      "recall": {
        "0.0": 0.8367000000000001,
        "0.5": 0.6498999999999999,
        "1.0": 0.3926,
        "1.5": 0.23210000000000003
      },
      "hub_skew": {
        "0.0": 0.6852634666397952,
        "0.5": 0.09383804796613249,
        "1.0": 0.8787571128463639,
        "1.5": 2.98857772026053
      },
      "gain_1_minus_0": -0.4441000000000001,
      "alpha1_optimal": false
    },
    "2": {
      "recall": {
        "0.0": 0.7994000000000001,
        "0.5": 0.6396,
        "1.0": 0.4035,
        "1.5": 0.23860000000000003
      },
      "hub_skew": {
        "0.0": 0.6508614821239179,
        "0.5": 0.16042369887970406,
        "1.0": 0.8897709879058525,
        "1.5": 3.0644331528102278
      },
      "gain_1_minus_0": -0.3959000000000001,
      "alpha1_optimal": false
    }
  },
  "median_gain": -0.43150000000000027,
  "specificity_control_uniform": {
    "recall": {
      "0.0": 0.7547,
      "0.5": 0.5614,
      "1.0": 0.2813,
      "1.5": 0.12409999999999999
    },
    "gain_1_minus_0": -0.47340000000000004
  },
  "verdict": {
    "baseline_hubness": true,
    "restoration": false,
    "alpha1_optimal": false,
    "hubness_reduced": false
  },
  "GO5_supported": false
}
