{
  "claim": "GO-5 alpha=1 diffusion-distance (non-spectral)",
  "prereg": "GO-P-2026-019",
  "alphas": [
    0.0,
    0.5,
    1.0,
    1.5
  ],
  "n_seeds": 3,
  "per_seed": {
    "0": {
      "recall": {
        "0.0": 0.7836000000000001,
        "0.5": 0.7931000000000001,
        "1.0": 0.8026000000000001,
        "1.5": 0.801
      },
      "density_ratio": 417.4016996497892,
      "gain_1_minus_0": 0.019000000000000017,
      "alpha1_optimal": true
    },
    "1": {
      "recall": {
        "0.0": 0.7883000000000001,
        "0.5": 0.796,
        "1.0": 0.8037000000000001,
        "1.5": 0.8017000000000001
      },
      "density_ratio": 283.2604207098618,
      "gain_1_minus_0": 0.01539999999999997,
      "alpha1_optimal": true
    },
    "2": {
      "recall": {
        "0.0": 0.8041,
        "0.5": 0.8133,
        "1.0": 0.8234000000000001,
        "1.5": 0.8184000000000001
      },
      "density_ratio": 12744.914052697955,
      "gain_1_minus_0": 0.019300000000000095,
      "alpha1_optimal": true
    }
  },
  "median_gain": 0.019000000000000017,
  "specificity_control_uniform": {
    "recall": {
      "0.0": 0.8037000000000001,
      "0.5": 0.8126000000000001,
      "1.0": 0.8185,
      "1.5": 0.8235000000000001
    },
    "gain_1_minus_0": 0.014799999999999924
  },
  "verdict": {
    "density_regime": true,
    "restoration": false,
    "alpha1_optimal": true
  },
  "GO5_supported": false
}
