{
  "claim": "GO-5 alpha=1 density quotient (non-spectral)",
  "prereg": "GO-P-2026-016",
  "alphas": [
    0.0,
    0.5,
    1.0,
    1.5
  ],
  "n_seeds": 3,
  "per_seed": {
    "0": {
      "recall": {
        "0.0": 0.746,
        "0.5": 0.6707000000000001,
        "1.0": 0.5814,
        "1.5": 0.4929
      },
      "hub_skew": {
        "0.0": 0.0065173296311012785,
        "0.5": 0.1147288123999442,
        "1.0": 0.24285546620330148,
        "1.5": 0.7591807130755402
      },
      "gain_1_minus_0": -0.16459999999999997,
      "alpha1_optimal": false
    },
    "1": {
      "recall": {
        "0.0": 0.7349,
        "0.5": 0.6638,
        "1.0": 0.5778999999999999,
        "1.5": 0.4936
      },
      "hub_skew": {
        "0.0": 0.024333408554408038,
        "0.5": 0.07608976726881518,
        "1.0": 0.21020177530499165,
        "1.5": 0.7732121404624368
      },
      "gain_1_minus_0": -0.15700000000000014,
      "alpha1_optimal": false
    },
    "2": {
      "recall": {
        "0.0": 0.716,
        "0.5": 0.6472,
        "1.0": 0.5665999999999999,
        "1.5": 0.4859
      },
      "hub_skew": {
        "0.0": 0.01884921487308207,
        "0.5": 0.1204645199091659,
        "1.0": 0.25000498243401265,
        "1.5": 0.7900344510818633
      },
      "gain_1_minus_0": -0.1494000000000001,
      "alpha1_optimal": false
    }
  },
  "median_gain": -0.15700000000000014,
  "specificity_control_uniform": {
    "recall": {
      "0.0": 0.6885,
      "0.5": 0.6323,
      "1.0": 0.558,
      "1.5": 0.4736
    },
    "gain_1_minus_0": -0.13049999999999995
  },
  "verdict": {
    "restoration": false,
    "alpha1_optimal": false,
    "hubness_reduced": false
  },
  "GO5_supported": false
}
